{
  "type": "FeatureCollection",
  "features": [
    {
      "type": "Feature",
      "properties": {},
      "geometry": {
        "coordinates": [
          [
            [
              -3.711566009710026,
              40.42456386249762
            ],
            [
              -3.7143618136968257,
              40.422141323989166
            ],
            [
              -3.71270251539579,
              40.417244069006074
            ],
            [
              -3.7088838562910382,
              40.414613594086944
            ],
            [
              -3.7039514216148177,
              40.41354060768296
            ],
            [
              -3.6987916858019503,
              40.41373097748698
            ],
            [
              -3.6970414670455227,
              40.41679412663993
            ],
            [
              -3.6969960068178693,
              40.41933799197142
            ],
            [
              -3.7009283164913427,
              40.42262583867043
            ],
            [
              -3.7055425295747284,
              40.42549824689257
            ],
            [
              -3.711566009710026,
              40.42456386249762
            ]
          ]
        ],
        "type": "Polygon"
      }
    }
  ]
}