{
  "type": "FeatureCollection",
  "features": [
    {
      "type": "Feature",
      "properties": {},
      "geometry": {
        "coordinates": [
          [
            [
              -0.37093004277016917,
              39.47664277831467
            ],
            [
              -0.3753860808744207,
              39.479222421744
            ],
            [
              -0.37888723908901056,
              39.48075783178862
            ],
            [
              -0.3840597244534081,
              39.48011312643061
            ],
            [
              -0.3871626530358583,
              39.478454640403044
            ],
            [
              -0.390226561200393,
              39.47747202511246
            ],
            [
              -0.3888334463088654,
              39.47394023652714
            ],
            [
              -0.38628724389192826,
              39.471882574627756
            ],
            [
              -0.38437754229090615,
              39.469118454509584
            ],
            [
              -0.38318395190526644,
              39.467183522452046
            ],
            [
              -0.38246796887293044,
              39.46491052053989
            ],
            [
              -0.3808367392757077,
              39.463497607593695
            ],
            [
              -0.37805174582172185,
              39.463159684893895
            ],
            [
              -0.3739935579543783,
              39.46398905109291
            ],
            [
              -0.3705321703033633,
              39.465371220889836
            ],
            [
              -0.36639434368768775,
              39.466753315083366
            ],
            [
              -0.36480292046317686,
              39.468411927992605
            ],
            [
              -0.36679234855611753,
              39.47225110835521
            ],
            [
              -0.37093004277016917,
              39.47664277831467
            ]
          ]
        ],
        "type": "Polygon"
      }
    }
  ]
}